frame_idx,timestamp,state,is_lost,is_keyframe,x,y,z,q_x,q_y,q_z,q_w
0,0.000000,2,false,true,0.004554760,0.001273184,0.149224434,0.000000000,0.100000000,0.000000000,0.980000000
1,0.016667,2,false,false,0.009465440,0.004688902,0.149146971,0.000083333,0.099999965,0.000050000,0.980000000
2,0.033333,2,false,false,0.014952541,0.009059874,0.150246678,0.000166667,0.099999861,0.000100000,0.980000000
3,0.050000,2,false,false,0.019927716,0.011209935,0.149167055,0.000250000,0.099999688,0.000150000,0.980000000
4,0.066667,2,false,false,0.024882055,0.016083888,0.150361914,0.000333333,0.099999444,0.000200000,0.980000000
5,0.083333,2,false,false,0.030554338,0.021818857,0.150167901,0.000416665,0.099999132,0.000250000,0.980000000
6,0.100000,2,false,false,0.035766622,0.023604267,0.149651760,0.000499998,0.099998750,0.000300000,0.980000000
7,0.116667,2,false,false,0.041728728,0.028400531,0.150024490,0.000583330,0.099998299,0.000349999,0.980000000
8,0.133333,2,false,false,0.046655754,0.032141780,0.150673255,0.000666662,0.099997778,0.000399999,0.980000000
9,0.150000,2,false,false,0.052017179,0.035806803,0.149871060,0.000749993,0.099997188,0.000449998,0.980000000
10,0.166667,2,false,false,0.057703377,0.038787863,0.150597214,0.000833324,0.099996528,0.000499998,0.980000000
11,0.183333,2,false,false,0.062320562,0.044341977,0.149702720,0.000916654,0.099995799,0.000549997,0.980000000
12,0.200000,2,false,false,0.066866298,0.047158642,0.149377724,0.000999983,0.099995000,0.000599996,0.980000000
13,0.216667,2,false,false,0.071706503,0.053229243,0.148998023,0.001083312,0.099994132,0.000649995,0.980000000
14,0.233333,2,false,false,0.077667710,0.056338424,0.149099745,0.001166640,0.099993195,0.000699994,0.980000000
15,0.250000,2,false,false,0.082094409,0.059568960,0.150342417,0.001249967,0.099992188,0.000749993,0.980000000
16,0.266667,2,false,false,0.086912303,0.065092063,0.149269101,0.001333294,0.099991111,0.000799991,0.980000000
17,0.283333,2,false,false,0.091003979,0.066259587,0.148688611,0.001416619,0.099989965,0.000849990,0.980000000
18,0.300000,2,false,false,0.095601814,0.072661543,0.148588755,0.001499944,0.099988750,0.000899988,0.980000000
19,0.316667,2,false,false,0.100264678,0.074398804,0.149270377,0.001583267,0.099987466,0.000949986,0.980000000
20,0.333333,2,false,false,0.105105299,0.080560271,0.148723736,0.001666590,0.099986111,0.000999983,0.980000000
21,0.350000,2,false,false,0.109295078,0.083602702,0.149138152,0.001749911,0.099984688,0.001049981,0.980000000
22,0.366667,2,false,false,0.114378892,0.086472233,0.148191715,0.001833231,0.099983195,0.001099978,0.980000000
23,0.383333,2,false,false,0.119335304,0.089879112,0.149609272,0.001916549,0.099981633,0.001149975,0.980000000
24,0.400000,2,false,false,0.124569293,0.094663437,0.149028787,0.001999867,0.099980001,0.001199971,0.980000000
25,0.416667,2,false,false,0.129188392,0.099271570,0.148182062,0.002083183,0.099978299,0.001249967,0.980000000
26,0.433333,2,false,false,0.134029903,0.102204218,0.149519671,0.002166497,0.099976529,0.001299963,0.980000000
27,0.450000,2,false,false,0.139443271,0.106933899,0.148282767,0.002249810,0.099974689,0.001349959,0.980000000
28,0.466667,2,false,false,0.143525718,0.108754379,0.149171376,0.002333122,0.099972779,0.001399954,0.980000000
29,0.483333,2,false,false,0.148850095,0.113069609,0.147692776,0.002416431,0.099970800,0.001449949,0.980000000
30,0.500000,2,false,false,0.154363297,0.117129629,0.149318379,0.002499740,0.099968752,0.001499944,0.980000000
31,0.516667,2,false,false,0.159960876,0.118551494,0.148613304,0.002583046,0.099966634,0.001549938,0.980000000
32,0.533333,2,false,false,0.165246380,0.125418364,0.147444553,0.002666351,0.099964447,0.001599932,0.980000000
33,0.550000,2,false,false,0.170468969,0.128206218,0.149060923,0.002749653,0.099962190,0.001649925,0.980000000
34,0.566667,2,false,false,0.176145637,0.129867732,0.147157862,0.002832954,0.099959864,0.001699918,0.980000000
35,0.583333,2,false,true,0.180426923,0.135756038,0.147958450,0.002916253,0.099957468,0.001749911,0.980000000
36,0.600000,2,false,false,0.186135702,0.138789787,0.147600438,0.002999550,0.099955003,0.001799903,0.980000000
37,0.616667,2,false,false,0.190755172,0.140333241,0.146733049,0.003082845,0.099952469,0.001849894,0.980000000
38,0.633333,2,false,false,0.195906004,0.145390765,0.147759965,0.003166137,0.099949865,0.001899886,0.980000000
39,0.650000,2,false,false,0.201739145,0.149118765,0.148207530,0.003249428,0.099947192,0.001949876,0.980000000
40,0.666667,2,false,false,0.206578552,0.150703646,0.147456104,0.003332716,0.099944450,0.001999867,0.980000000
41,0.683333,2,false,false,0.211598842,0.155230834,0.146411426,0.003416002,0.099941638,0.002049856,0.980000000
42,0.700000,2,false,false,0.216546594,0.161252250,0.146903339,0.003499285,0.099938756,0.002099846,0.980000000
43,0.716667,2,false,false,0.220654642,0.162552558,0.147377990,0.003582567,0.099935805,0.002149834,0.980000000
44,0.733333,2,false,false,0.225963850,0.166106265,0.146265474,0.003665845,0.099932785,0.002199823,0.980000000
45,0.750000,2,false,false,0.230138642,0.169297086,0.146436057,0.003749121,0.099929696,0.002249810,0.980000000
46,0.766667,2,false,false,0.234772382,0.173798077,0.146085681,0.003832395,0.099926537,0.002299797,0.980000000
47,0.783333,2,false,false,0.239885065,0.177700939,0.146047358,0.003915665,0.099923308,0.002349784,0.980000000
48,0.800000,2,false,false,0.245722626,0.178441768,0.146059511,0.003998933,0.099920011,0.002399770,0.980000000
49,0.816667,2,false,false,0.251569996,0.183455326,0.146353487,0.004082199,0.099916644,0.002449755,0.980000000
50,0.833333,2,false,false,0.256817632,0.184333577,0.146077070,0.004165461,0.099913207,0.002499740,0.980000000
51,0.850000,2,false,false,0.261420405,0.187031498,0.145226240,0.004248721,0.099909701,0.002549724,0.980000000
52,0.866667,2,false,false,0.265552961,0.191293646,0.145804196,0.004331977,0.099906126,0.002599707,0.980000000
53,0.883333,2,false,false,0.269712647,0.196057192,0.146065384,0.004415231,0.099902481,0.002649690,0.980000000
54,0.900000,2,false,false,0.274554781,0.198409150,0.144505706,0.004498481,0.099898767,0.002699672,0.980000000
55,0.916667,2,false,false,0.280271446,0.200341731,0.144107987,0.004581729,0.099894984,0.002749653,0.980000000
56,0.933333,2,false,false,0.286219383,0.204063316,0.143857036,0.004664973,0.099891131,0.002799634,0.980000000
57,0.950000,2,false,false,0.292147946,0.205113322,0.144986630,0.004748214,0.099887209,0.002849614,0.980000000
58,0.966667,2,false,false,0.296608857,0.210035650,0.143701019,0.004831452,0.099883217,0.002899594,0.980000000
59,0.983333,2,false,false,0.301244542,0.210730135,0.144215511,0.004914686,0.099879156,0.002949572,0.980000000
60,1.000000,2,false,false,0.305481146,0.215761299,0.143632177,0.004997917,0.099875026,0.002999550,0.980000000
61,1.016667,2,false,false,0.310731087,0.217035242,0.143698892,0.005081144,0.099870826,0.003049527,0.980000000
62,1.033333,2,false,false,0.315837684,0.219946381,0.142760194,0.005164368,0.099866557,0.003099504,0.980000000
63,1.050000,2,false,false,0.321751350,0.222805850,0.143569254,0.005247589,0.099862219,0.003149479,0.980000000
64,1.066667,2,false,false,0.327091508,0.226801196,0.142244591,0.005330805,0.099857811,0.003199454,0.980000000
65,1.083333,2,false,false,0.332329760,0.226799996,0.143361192,0.005414018,0.099853334,0.003249428,0.980000000
66,1.100000,2,false,false,0.337067568,0.229592093,0.142195356,0.005497228,0.099848788,0.003299401,0.980000000
67,1.116667,2,false,false,0.341628074,0.235600488,0.141480397,0.005580433,0.099844172,0.003349373,0.980000000
68,1.133333,2,false,false,0.346847660,0.234794610,0.141513680,0.005663634,0.099839487,0.003399345,0.980000000
69,1.150000,2,false,false,0.352041494,0.240300649,0.141301112,0.005746832,0.099834733,0.003449316,0.980000000
70,1.166667,2,false,true,0.356172102,0.240084603,0.141116745,0.005830026,0.099829909,0.003499285,0.980000000
71,1.183333,2,false,false,0.361064895,0.241725613,0.141460926,0.005913215,0.099825016,0.003549254,0.980000000
72,1.200000,2,false,false,0.365524189,0.246240460,0.141864961,0.005996401,0.099820054,0.003599222,0.980000000
73,1.216667,2,false,false,0.370641964,0.246369108,0.140108951,0.006079582,0.099815022,0.003649190,0.980000000
74,1.233333,2,false,false,0.374949256,0.249831477,0.140102411,0.006162759,0.099809921,0.003699156,0.980000000
75,1.250000,2,false,false,0.379366857,0.254209283,0.141469409,0.006245932,0.099804751,0.003749121,0.980000000
76,1.266667,2,false,false,0.384483894,0.255076783,0.140471763,0.006329100,0.099799511,0.003799086,0.980000000
77,1.283333,2,false,false,0.390000996,0.255442231,0.140301906,0.006412264,0.099794203,0.003849049,0.980000000
78,1.300000,2,false,false,0.394598854,0.259482413,0.139594328,0.006495424,0.099788824,0.003899011,0.980000000
79,1.316667,2,false,false,0.399825727,0.262122569,0.138561472,0.006578579,0.099783377,0.003948973,0.980000000
80,1.333333,2,false,false,0.404809200,0.262591869,0.139256039,0.006661729,0.099777860,0.003998933,0.980000000
81,1.350000,2,false,false,0.408893830,0.264698791,0.138670052,0.006744875,0.099772274,0.004048893,0.980000000
82,1.366667,2,false,false,0.413347775,0.267980498,0.139349702,0.006828017,0.099766619,0.004098851,0.980000000
83,1.383333,2,false,false,0.418364044,0.268977865,0.137621828,0.006911153,0.099760894,0.004148809,0.980000000
84,1.400000,2,false,false,0.422381906,0.269042276,0.138900009,0.006994285,0.099755100,0.004198765,0.980000000
85,1.416667,2,false,false,0.427383744,0.273545504,0.138002611,0.007077412,0.099749237,0.004248721,0.980000000
86,1.433333,2,false,false,0.432327134,0.273537654,0.136900812,0.007160533,0.099743304,0.004298675,0.980000000
87,1.450000,2,false,false,0.437206873,0.273917310,0.137430190,0.007243650,0.099737303,0.004348628,0.980000000
88,1.466667,2,false,false,0.443078748,0.277460667,0.137426639,0.007326762,0.099731232,0.004398580,0.980000000
89,1.483333,2,false,false,0.448529718,0.276672469,0.137483704,0.007409869,0.099725091,0.004448531,0.980000000
90,1.500000,2,false,false,0.453901970,0.280092782,0.136702929,0.007492971,0.099718882,0.004498481,0.980000000
91,1.516667,2,false,false,0.458611378,0.279419700,0.136890455,0.007576067,0.099712603,0.004548430,0.980000000
92,1.533333,2,false,false,0.463401356,0.282397747,0.136750434,0.007659158,0.099706255,0.004598378,0.980000000
93,1.550000,2,false,false,0.467899498,0.282246976,0.135981591,0.007742244,0.099699838,0.004648324,0.980000000
94,1.566667,2,false,false,0.472924202,0.285169504,0.134771324,0.007825325,0.099693351,0.004698270,0.980000000
95,1.583333,2,false,false,0.478434155,0.287935603,0.134218715,0.007908400,0.099686796,0.004748214,0.980000000
96,1.600000,2,false,false,0.483407241,0.285611326,0.134609451,0.007991469,0.099680171,0.004798157,0.980000000
97,1.616667,2,false,false,0.489386065,0.288532611,0.134416006,0.008074533,0.099673476,0.004848099,0.980000000
98,1.633333,2,false,false,0.493580963,0.287776754,0.134378314,0.008157592,0.099666713,0.004898039,0.980000000
99,1.650000,2,false,false,0.499467446,0.291655149,0.134718233,0.008240645,0.099659880,0.004947979,0.980000000
100,1.666667,2,false,false,0.503833893,0.292494799,0.133608662,0.008323692,0.099652979,0.004997917,0.980000000
101,1.683333,2,false,false,0.509285660,0.292928745,0.134276082,0.008406733,0.099646008,0.005047854,0.980000000
102,1.700000,2,false,false,0.513390682,0.293199425,0.132749859,0.008489768,0.099638967,0.005097789,0.980000000
103,1.716667,2,false,false,0.519356622,0.292528245,0.131753787,0.008572798,0.099631858,0.005147724,0.980000000
104,1.733333,2,false,false,0.523522574,0.293023066,0.132043212,0.008655821,0.099624679,0.005197657,0.980000000
105,1.750000,2,false,true,0.528231147,0.297506284,0.132897311,0.008738839,0.099617432,0.005247589,0.980000000
106,1.766667,2,false,false,0.532793411,0.295599945,0.132332359,0.008821850,0.099610115,0.005297519,0.980000000
107,1.783333,2,false,false,0.537562385,0.298107836,0.131879788,0.008904856,0.099602729,0.005347448,0.980000000
108,1.800000,2,false,false,0.541770563,0.298122379,0.131222774,0.008987855,0.099595273,0.005397376,0.980000000
109,1.816667,2,false,false,0.546275655,0.296824523,0.131438239,0.009070848,0.099587749,0.005447302,0.980000000
110,1.833333,2,false,false,0.552186875,0.298170771,0.131029150,0.009153834,0.099580155,0.005497228,0.980000000
111,1.850000,2,false,false,0.556651291,0.298351831,0.129139987,0.009236815,0.099572492,0.005547151,0.980000000
112,1.866667,2,false,false,0.561385541,0.297103177,0.129021540,0.009319789,0.099564761,0.005597074,0.980000000
113,1.883333,2,false,false,0.567084930,0.300347458,0.128704023,0.009402756,0.099556959,0.005646994,0.980000000
114,1.900000,2,false,false,0.572429771,0.301336167,0.129613769,0.009485717,0.099549089,0.005696914,0.980000000
115,1.916667,2,false,false,0.577824178,0.299936737,0.129495428,0.009568671,0.099541150,0.005746832,0.980000000
116,1.933333,2,false,false,0.582900620,0.299136000,0.128389675,0.009651619,0.099533141,0.005796749,0.980000000
117,1.950000,2,false,false,0.588116479,0.300730243,0.127590860,0.009734560,0.099525064,0.005846664,0.980000000
118,1.966667,2,false,false,0.592553747,0.300773038,0.127211279,0.009817494,0.099516917,0.005896578,0.980000000
119,1.983333,2,false,false,0.598215779,0.301608967,0.128198286,0.009900421,0.099508701,0.005946490,0.980000000
120,2.000000,2,false,false,0.602568878,0.301248627,0.126966289,0.009983342,0.099500417,0.005996401,0.980000000
121,2.016667,2,false,false,0.608036457,0.299042399,0.126574894,0.010066255,0.099492063,0.006046310,0.980000000
122,2.033333,2,false,false,0.613697944,0.300084091,0.125826628,0.010149162,0.099483639,0.006096218,0.980000000
123,2.050000,2,false,false,0.619176091,0.298147767,0.126174529,0.010232061,0.099475147,0.006146124,0.980000000
124,2.066667,2,false,false,0.624730753,0.297683606,0.125366778,0.010314954,0.099466586,0.006196029,0.980000000
125,2.083333,2,false,false,0.630188981,0.298331613,0.124291230,0.010397839,0.099457956,0.006245932,0.980000000
126,2.100000,2,false,false,0.635900504,0.299937827,0.124823183,0.010480717,0.099449256,0.006295833,0.980000000
127,2.116667,2,false,false,0.641452202,0.298038034,0.123843744,0.010563588,0.099440488,0.006345733,0.980000000
128,2.133333,2,false,false,0.646076107,0.297636766,0.124723877,0.010646451,0.099431650,0.006395632,0.980000000
129,2.150000,2,false,false,0.650381712,0.294884850,0.124432505,0.010729307,0.099422744,0.006445529,0.980000000
130,2.166667,2,false,false,0.656371350,0.294209025,0.123454681,0.010812156,0.099413768,0.006495424,0.980000000
131,2.183333,2,false,false,0.662260541,0.295528374,0.122594224,0.010894997,0.099404723,0.006545317,0.980000000
132,2.200000,2,false,false,0.667134895,0.294586681,0.123594717,0.010977830,0.099395610,0.006595209,0.980000000
133,2.216667,2,false,false,0.671893433,0.292348947,0.121468319,0.011060656,0.099386427,0.006645100,0.980000000
134,2.233333,2,false,false,0.676519087,0.293630015,0.122041350,0.011143474,0.099377175,0.006694988,0.980000000
135,2.250000,2,false,false,0.681988349,0.291701188,0.120586130,0.011226285,0.099367855,0.006744875,0.980000000
136,2.266667,2,false,false,0.686765912,0.292043141,0.120775625,0.011309087,0.099358465,0.006794761,0.980000000
137,2.283333,2,false,false,0.691066336,0.288238369,0.120683063,0.011391882,0.099349006,0.006844644,0.980000000
138,2.300000,2,false,false,0.695163000,0.287271207,0.119758543,0.011474669,0.099339478,0.006894526,0.980000000
139,2.316667,2,false,false,0.701026553,0.286300266,0.120147646,0.011557448,0.099329882,0.006944406,0.980000000
140,2.333333,2,false,true,0.706866169,0.286614804,0.119725729,0.011640219,0.099320216,0.006994285,0.980000000
141,2.350000,2,false,false,0.711022591,0.286369745,0.119446418,0.011722981,0.099310481,0.007044161,0.980000000
142,2.366667,2,false,false,0.716477492,0.285560606,0.118545545,0.011805736,0.099300678,0.007094036,0.980000000
143,2.383333,2,false,false,0.721241633,0.281312310,0.117694790,0.011888483,0.099290805,0.007143909,0.980000000
144,2.400000,2,false,false,0.726382776,0.283015837,0.117266398,0.011971221,0.099280864,0.007193781,0.980000000
145,2.416667,2,false,false,0.731669763,0.282149279,0.117381923,0.012053951,0.099270853,0.007243650,0.980000000
146,2.433333,2,false,false,0.736235437,0.277975541,0.118322498,0.012136672,0.099260774,0.007293518,0.980000000
147,2.450000,2,false,false,0.740710784,0.276658100,0.116694031,0.012219385,0.099250625,0.007343384,0.980000000
148,2.466667,2,false,false,0.746045283,0.274439214,0.116231389,0.012302090,0.099240408,0.007393248,0.980000000
149,2.483333,2,false,false,0.750315490,0.274839341,0.115170917,0.012384786,0.099230122,0.007443110,0.980000000
150,2.500000,2,false,false,0.756182072,0.274672218,0.116066244,0.012467473,0.099219767,0.007492971,0.980000000
151,2.516667,2,false,false,0.761571070,0.271763000,0.115768714,0.012550152,0.099209343,0.007542829,0.980000000
152,2.533333,2,false,false,0.766162685,0.267557345,0.115519685,0.012632822,0.099198850,0.007592686,0.980000000
153,2.550000,2,false,false,0.770936839,0.265951172,0.114415804,0.012715484,0.099188288,0.007642541,0.980000000
154,2.566667,2,false,false,0.775340664,0.267672634,0.114948576,0.012798136,0.099177657,0.007692393,0.980000000
155,2.583333,2,false,false,0.780656705,0.262190439,0.114511882,0.012880780,0.099166958,0.007742244,0.980000000
156,2.600000,2,false,false,0.784949636,0.260727827,0.113464973,0.012963414,0.099156189,0.007792093,0.980000000
157,2.616667,2,false,false,0.789895309,0.259456339,0.112619677,0.013046040,0.099145352,0.007841940,0.980000000
158,2.633333,2,false,false,0.793945622,0.257004052,0.112267155,0.013128656,0.099134446,0.007891785,0.980000000
159,2.650000,2,false,false,0.799241648,0.253961865,0.111878614,0.013211264,0.099123471,0.007941628,0.980000000
160,2.666667,2,false,false,0.804020344,0.254429174,0.111417167,0.013293862,0.099112427,0.007991469,0.980000000
161,2.683333,2,false,false,0.808543551,0.253494709,0.112331095,0.013376451,0.099101315,0.008041308,0.980000000
162,2.700000,2,false,false,0.813878621,0.248232034,0.111342524,0.013459031,0.099090133,0.008091146,0.980000000
163,2.716667,2,false,false,0.819788978,0.248388663,0.110672758,0.013541602,0.099078883,0.008140981,0.980000000
164,2.733333,2,false,false,0.825612904,0.244771150,0.110372932,0.013624163,0.099067564,0.008190814,0.980000000
165,2.750000,2,false,false,0.831230378,0.241534171,0.109636109,0.013706714,0.099056176,0.008240645,0.980000000
166,2.766667,2,false,false,0.835843934,0.241715338,0.108723214,0.013789256,0.099044719,0.008290473,0.980000000
167,2.783333,2,false,false,0.841662981,0.237493000,0.109449457,0.013871789,0.099033194,0.008340300,0.980000000
168,2.800000,2,false,false,0.847079651,0.234379668,0.108748706,0.013954311,0.099021600,0.008390125,0.980000000
169,2.816667,2,false,false,0.853002935,0.233137207,0.108573712,0.014036825,0.099009937,0.008439948,0.980000000
170,2.833333,2,false,false,0.858368377,0.229861013,0.108071751,0.014119328,0.098998205,0.008489768,0.980000000
171,2.850000,2,false,false,0.862423114,0.226374889,0.106520473,0.014201822,0.098986404,0.008539587,0.980000000
172,2.866667,2,false,false,0.866643598,0.226795916,0.106773790,0.014284305,0.098974535,0.008589403,0.980000000
173,2.883333,2,false,false,0.871743852,0.220506916,0.105973930,0.014366779,0.098962597,0.008639217,0.980000000
174,2.900000,2,false,false,0.876152261,0.218187070,0.106248128,0.014449243,0.098950591,0.008689029,0.980000000
175,2.916667,2,false,true,0.881704097,0.218764950,0.106504522,0.014531697,0.098938515,0.008738839,0.980000000
176,2.933333,2,false,false,0.886588009,0.212288679,0.104202623,0.014614140,0.098926371,0.008788647,0.980000000
177,2.950000,2,false,false,0.892028625,0.210120873,0.105694238,0.014696574,0.098914158,0.008838452,0.980000000
178,2.966667,2,false,false,0.897167315,0.208055577,0.103746319,0.014778997,0.098901877,0.008888255,0.980000000
179,2.983333,2,false,false,0.901250368,0.204415398,0.103898373,0.014861410,0.098889527,0.008938056,0.980000000
180,3.000000,2,false,false,0.906912868,0.202686580,0.103417982,0.014943813,0.098877108,0.008987855,0.980000000
181,3.016667,2,false,false,0.912837936,0.200942670,0.103631606,0.015026206,0.098864620,0.009037651,0.980000000
182,3.033333,2,false,false,0.917707453,0.194847399,0.103067748,0.015108588,0.098852064,0.009087446,0.980000000
183,3.050000,2,false,false,0.923424726,0.194568032,0.101938565,0.015190959,0.098839439,0.009137238,0.980000000
184,3.066667,2,false,false,0.928720042,0.190579151,0.100906688,0.015273320,0.098826746,0.009187027,0.980000000
185,3.083333,2,false,false,0.933839196,0.186495827,0.100957932,0.015355670,0.098813984,0.009236815,0.980000000
186,3.100000,2,false,false,0.939509217,0.186065255,0.100876433,0.015438010,0.098801153,0.009286600,0.980000000
187,3.116667,2,false,false,0.944899404,0.181355256,0.100287222,0.015520339,0.098788254,0.009336383,0.980000000
188,3.133333,2,false,false,0.949600559,0.176297979,0.099273316,0.015602657,0.098775286,0.009386163,0.980000000
189,3.150000,2,false,false,0.954209309,0.173297605,0.099390828,0.015684964,0.098762249,0.009435941,0.980000000
190,3.166667,2,false,false,0.960030681,0.170877204,0.099919204,0.015767261,0.098749144,0.009485717,0.980000000
191,3.183333,2,false,false,0.964163535,0.166805276,0.098292462,0.015849546,0.098735971,0.009535490,0.980000000
192,3.200000,2,false,false,0.969975089,0.166680454,0.098802663,0.015931821,0.098722728,0.009585261,0.980000000
193,3.216667,2,false,false,0.974832942,0.162943370,0.097317297,0.016014084,0.098709418,0.009635030,0.980000000
194,3.233333,2,false,false,0.980129824,0.158835830,0.097873263,0.016096336,0.098696038,0.009684796,0.980000000
195,3.250000,2,false,false,0.984665384,0.155227024,0.097703692,0.016178577,0.098682590,0.009734560,0.980000000
196,3.266667,2,false,false,0.990263701,0.150256174,0.097127190,0.016260807,0.098669074,0.009784321,0.980000000
197,3.283333,2,false,false,0.995578094,0.148280599,0.095554260,0.016343026,0.098655489,0.009834080,0.980000000
198,3.300000,2,false,false,1.000101579,0.142475560,0.096953314,0.016425233,0.098641836,0.009883836,0.980000000
199,3.316667,2,false,false,1.005460560,0.141584872,0.096200351,0.016507429,0.098628114,0.009933590,0.980000000
200,3.333333,2,false,false,1.010867994,0.138756781,0.094550513,0.016589613,0.098614323,0.009983342,0.980000000
201,3.350000,2,true,false,1.015401216,0.135528564,0.095481874,0.016671786,0.098600464,0.010033091,0.980000000
202,3.366667,2,false,false,1.021094020,0.129207400,0.094566777,0.016753947,0.098586537,0.010082837,0.980000000
203,3.383333,2,false,false,1.025150291,0.124830193,0.094073205,0.016836097,0.098572541,0.010132581,0.980000000
204,3.400000,2,false,false,1.030609197,0.121472643,0.093588088,0.016918235,0.098558477,0.010182322,0.980000000
205,3.416667,2,false,false,1.035858664,0.120273484,0.093178075,0.017000361,0.098544344,0.010232061,0.980000000
206,3.433333,2,false,false,1.041203828,0.114648944,0.092102525,0.017082475,0.098530143,0.010281798,0.980000000
207,3.450000,2,false,false,1.046222363,0.110271150,0.093180275,0.017164578,0.098515873,0.010331531,0.980000000
208,3.466667,2,false,false,1.052052965,0.109159997,0.091139035,0.017246669,0.098501535,0.010381262,0.980000000
209,3.483333,2,false,false,1.056548442,0.105910203,0.091912762,0.017328747,0.098487129,0.010430991,0.980000000
210,3.500000,2,false,true,1.061090584,0.099828472,0.090877731,0.017410814,0.098472654,0.010480717,0.980000000
211,3.516667,2,false,false,1.066589513,0.095930444,0.091077674,0.017492868,0.098458111,0.010530440,0.980000000
212,3.533333,2,false,false,1.070652255,0.093707229,0.091206965,0.017574911,0.098443499,0.010580161,0.980000000
213,3.550000,2,false,false,1.075472354,0.088079913,0.089537984,0.017656941,0.098428819,0.010629879,0.980000000
214,3.566667,2,false,false,1.080901510,0.085122771,0.089352484,0.017738959,0.098414071,0.010679594,0.980000000
215,3.583333,2,false,false,1.085078684,0.080962985,0.088859464,0.017820964,0.098399254,0.010729307,0.980000000
216,3.600000,2,false,false,1.090199299,0.078973857,0.088111022,0.017902957,0.098384369,0.010779017,0.980000000
217,3.616667,2,false,false,1.095428575,0.074115127,0.087420370,0.017984938,0.098369416,0.010828724,0.980000000
218,3.633333,2,false,false,1.099645388,0.069682582,0.087885370,0.018066906,0.098354394,0.010878429,0.980000000
219,3.650000,2,false,false,1.105513073,0.065453078,0.088135581,0.018148862,0.098339304,0.010928131,0.980000000
220,3.666667,2,false,false,1.109886387,0.061129234,0.086324397,0.018230805,0.098324146,0.010977830,0.980000000
221,3.683333,2,false,false,1.114639694,0.059848256,0.087289227,0.018312736,0.098308920,0.011027527,0.980000000
222,3.700000,2,false,false,1.119775105,0.055390532,0.086167615,0.018394653,0.098293625,0.011077220,0.980000000
223,3.716667,2,false,false,1.123860397,0.050648416,0.085951095,0.018476558,0.098278262,0.011126911,0.980000000
224,3.733333,2,false,false,1.128333400,0.045971459,0.085319966,0.018558450,0.098262831,0.011176599,0.980000000
225,3.750000,2,false,false,1.132844752,0.044191373,0.085727365,0.018640330,0.098247331,0.011226285,0.980000000
226,3.766667,2,false,false,1.137768705,0.039601667,0.084345385,0.018722196,0.098231764,0.011275967,0.980000000
227,3.783333,2,false,false,1.142933851,0.033867533,0.084048179,0.018804049,0.098216128,0.011325647,0.980000000
228,3.800000,2,false,false,1.147433444,0.029960539,0.084718364,0.018885889,0.098200424,0.011375324,0.980000000
229,3.816667,2,false,false,1.152251584,0.027614543,0.084235011,0.018967717,0.098184651,0.011424998,0.980000000
230,3.833333,2,false,false,1.157723111,0.023881173,0.083750013,0.019049531,0.098168811,0.011474669,0.980000000
231,3.850000,2,false,false,1.163362512,0.019678034,0.082942223,0.019131331,0.098152902,0.011524337,0.980000000
232,3.866667,2,false,false,1.168345384,0.013599547,0.082823330,0.019213119,0.098136925,0.011574003,0.980000000
233,3.883333,2,false,false,1.173017670,0.011931011,0.082348660,0.019294893,0.098120880,0.011623665,0.980000000
234,3.900000,2,false,false,1.178691133,0.005073389,0.080707239,0.019376653,0.098104767,0.011673325,0.980000000
235,3.916667,2,false,false,1.183352400,0.003638880,0.081431055,0.019458401,0.098088586,0.011722981,0.980000000
236,3.933333,2,false,false,1.188063186,-0.002615378,0.081099636,0.019540134,0.098072336,0.011772635,0.980000000
237,3.950000,2,false,false,1.192344447,-0.007307893,0.080732523,0.019621855,0.098056019,0.011822286,0.980000000
238,3.966667,2,false,false,1.198297570,-0.010619873,0.079080734,0.019703561,0.098039633,0.011871934,0.980000000
239,3.983333,2,false,false,1.203605675,-0.013316390,0.079055981,0.019785254,0.098023180,0.011921579,0.980000000
240,4.000000,2,false,false,1.208470056,-0.015661834,0.079282670,0.019866933,0.098006658,0.011971221,0.980000000
241,4.016667,2,false,false,1.213196289,-0.020862896,0.079579479,0.019948598,0.097990068,0.012020860,0.980000000
242,4.033333,2,false,false,1.218449856,-0.027301368,0.078441075,0.020030250,0.097973410,0.012070496,0.980000000
243,4.050000,2,false,false,1.224001078,-0.027695067,0.077526182,0.020111887,0.097956684,0.012120129,0.980000000
244,4.066667,2,false,false,1.229859458,-0.035415894,0.076902795,0.020193511,0.097939890,0.012169758,0.980000000
245,4.083333,2,false,true,1.235403553,-0.036720652,0.076859208,0.020275121,0.097923028,0.012219385,0.980000000
246,4.100000,2,false,false,1.240227413,-0.042874285,0.077680735,0.020356716,0.097906098,0.012269009,0.980000000
247,4.116667,2,false,false,1.245711607,-0.045800254,0.076649501,0.020438297,0.097889101,0.012318630,0.980000000
248,4.133333,2,false,false,1.251346070,-0.048667580,0.076328013,0.020519864,0.097872035,0.012368247,0.980000000
249,4.150000,2,false,false,1.255873350,-0.052786403,0.076205448,0.020601417,0.097854901,0.012417862,0.980000000
250,4.166667,2,false,false,1.260157744,-0.058371242,0.074592860,0.020682956,0.097837699,0.012467473,0.980000000
251,4.183333,2,false,false,1.265385566,-0.061490598,0.075073123,0.020764480,0.097820429,0.012517082,0.980000000
252,4.200000,2,false,false,1.271363790,-0.063554726,0.075007754,0.020845990,0.097803091,0.012566687,0.980000000
253,4.216667,2,false,false,1.276071678,-0.068054784,0.074167425,0.020927485,0.097785686,0.012616289,0.980000000
254,4.233333,2,false,false,1.280439700,-0.072090326,0.073452704,0.021008966,0.097768212,0.012665888,0.980000000
255,4.250000,2,false,false,1.286359601,-0.078073285,0.074437196,0.021090432,0.097750671,0.012715484,0.980000000
256,4.266667,2,false,false,1.291413999,-0.080666789,0.072462733,0.021171884,0.097733062,0.012765076,0.980000000
257,4.283333,2,false,false,1.296737997,-0.082479453,0.073659632,0.021253321,0.097715384,0.012814665,0.980000000
258,4.300000,2,false,false,1.301156362,-0.086936377,0.071983819,0.021334743,0.097697639,0.012864252,0.980000000
259,4.316667,2,false,false,1.306755014,-0.093814396,0.072014584,0.021416150,0.097679827,0.012913835,0.980000000
260,4.333333,2,false,false,1.312712645,-0.097414844,0.072775722,0.021497543,0.097661946,0.012963414,0.980000000
261,4.350000,2,false,false,1.316754632,-0.098614453,0.071330386,0.021578920,0.097643997,0.013012991,0.980000000
262,4.366667,2,false,false,1.322274213,-0.104593347,0.071091630,0.021660282,0.097625981,0.013062564,0.980000000
263,4.383333,2,false,false,1.326328492,-0.106924085,0.070540579,0.021741630,0.097607897,0.013112134,0.980000000
264,4.400000,2,false,false,1.332262689,-0.110482669,0.070068543,0.021822962,0.097589745,0.013161701,0.980000000
265,4.416667,2,false,false,1.336480161,-0.113797700,0.069979963,0.021904280,0.097571525,0.013211264,0.980000000
266,4.433333,2,false,false,1.341940247,-0.119766221,0.070235860,0.021985581,0.097553238,0.013260824,0.980000000
267,4.450000,2,false,false,1.346175395,-0.121233493,0.069478530,0.022066868,0.097534883,0.013310381,0.980000000
268,4.466667,2,false,false,1.350337430,-0.123665565,0.069811174,0.022148140,0.097516460,0.013359934,0.980000000
269,4.483333,2,false,false,1.355163864,-0.127377406,0.068220765,0.022229396,0.097497969,0.013409484,0.980000000
270,4.500000,2,false,false,1.360280920,-0.131502976,0.068075409,0.022310636,0.097479411,0.013459031,0.980000000
271,4.516667,2,false,false,1.365492879,-0.137652945,0.067507176,0.022391861,0.097460785,0.013508574,0.980000000
272,4.533333,2,false,false,1.369618961,-0.141457782,0.068796177,0.022473071,0.097442091,0.013558114,0.980000000
273,4.550000,2,false,false,1.374496719,-0.142582763,0.067975312,0.022554265,0.097423330,0.013607651,0.980000000
274,4.566667,2,false,false,1.380488303,-0.148019506,0.068140216,0.022635443,0.097404501,0.013657184,0.980000000
275,4.583333,2,false,false,1.386121240,-0.150376441,0.067384596,0.022716606,0.097385604,0.013706714,0.980000000
276,4.600000,2,false,false,1.390344861,-0.152922864,0.065870730,0.022797752,0.097366640,0.013756240,0.980000000
277,4.616667,2,false,false,1.394539048,-0.156732458,0.066885792,0.022878883,0.097347608,0.013805763,0.980000000
278,4.633333,2,false,false,1.398643984,-0.160530302,0.066247097,0.022959998,0.097328508,0.013855283,0.980000000
279,4.650000,2,false,false,1.404552216,-0.163335969,0.065964245,0.023041097,0.097309341,0.013904799,0.980000000
280,4.666667,2,false,true,1.409352266,-0.166389124,0.065347542,0.023122181,0.097290106,0.013954311,0.980000000
281,4.683333,2,false,false,1.414585855,-0.171247330,0.065119976,0.023203248,0.097270804,0.014003821,0.980000000
282,4.700000,2,false,false,1.419848953,-0.175801254,0.064834860,0.023284299,0.097251434,0.014053326,0.980000000
283,4.716667,2,false,false,1.424118028,-0.179003070,0.063784685,0.023365333,0.097231997,0.014102828,0.980000000
284,4.733333,2,false,false,1.429705325,-0.180545749,0.064313829,0.023446352,0.097212492,0.014152327,0.980000000
285,4.750000,2,false,false,1.434050343,-0.184732225,0.063266904,0.023527354,0.097192920,0.014201822,0.980000000
286,4.766667,2,false,false,1.438837826,-0.188058371,0.064472804,0.023608340,0.097173280,0.014251313,0.980000000
287,4.783333,2,false,false,1.444411544,-0.189008019,0.062418518,0.023689310,0.097153572,0.014300801,0.980000000
288,4.800000,2,false,false,1.449558938,-0.191041183,0.063433185,0.023770263,0.097133797,0.014350285,0.980000000
289,4.816667,2,false,false,1.454655885,-0.195047836,0.063124586,0.023851199,0.097113955,0.014399766,0.980000000
290,4.833333,2,false,false,1.459419674,-0.198645222,0.063552747,0.023932119,0.097094045,0.014449243,0.980000000
291,4.850000,2,false,false,1.463647219,-0.203001555,0.063139598,0.024013023,0.097074068,0.014498716,0.980000000
292,4.866667,2,false,false,1.468209121,-0.205245635,0.063021038,0.024093909,0.097054024,0.014548186,0.980000000
293,4.883333,2,false,false,1.472770323,-0.207823532,0.061703399,0.024174779,0.097033912,0.014597653,0.980000000
294,4.900000,2,false,false,1.478438455,-0.209095837,0.061129402,0.024255632,0.097013732,0.014647115,0.980000000
295,4.916667,2,false,false,1.483448844,-0.212345627,0.061745955,0.024336469,0.096993486,0.014696574,0.980000000
296,4.933333,2,false,false,1.488855129,-0.216216282,0.060301303,0.024417288,0.096973172,0.014746029,0.980000000
297,4.950000,2,false,false,1.494090885,-0.217349368,0.060026255,0.024498091,0.096952790,0.014795481,0.980000000
298,4.966667,2,false,false,1.499838988,-0.222563664,0.060374571,0.024578876,0.096932342,0.014844929,0.980000000
299,4.983333,2,false,false,1.504904553,-0.225205078,0.060898662,0.024659645,0.096911826,0.014894373,0.980000000
300,5.000000,2,false,false,1.509171482,-0.225670953,0.059605525,0.024740396,0.096891242,0.014943813,0.980000000
301,5.016667,2,false,false,1.514033772,-0.228987171,0.060017035,0.024821130,0.096870592,0.014993250,0.980000000
302,5.033333,2,false,false,1.519718646,-0.230320366,0.059148899,0.024901847,0.096849874,0.015042683,0.980000000
303,5.050000,2,false,false,1.525642062,-0.236033290,0.059127698,0.024982546,0.096829088,0.015092112,0.980000000
304,5.066667,2,false,false,1.530271448,-0.236732499,0.059600308,0.025063229,0.096808236,0.015141537,0.980000000
305,5.083333,2,false,false,1.534678875,-0.239279062,0.058986951,0.025143894,0.096787316,0.015190959,0.980000000
306,5.100000,2,false,false,1.539206780,-0.241376829,0.057664920,0.025224541,0.096766330,0.015240377,0.980000000
307,5.116667,2,false,false,1.544985055,-0.246272940,0.058016525,0.025305171,0.096745276,0.015289791,0.980000000
308,5.133333,2,false,false,1.550868703,-0.246776964,0.058700491,0.025385783,0.096724154,0.015339201,0.980000000
309,5.150000,2,false,false,1.555400853,-0.247513866,0.057480300,0.025466378,0.096702966,0.015388607,0.980000000
310,5.166667,2,false,false,1.560701012,-0.252269643,0.057235543,0.025546955,0.096681710,0.015438010,0.980000000
311,5.183333,2,false,false,1.565426041,-0.253359780,0.057507313,0.025627514,0.096660388,0.015487409,0.980000000
312,5.200000,2,false,false,1.569707656,-0.255593710,0.056249013,0.025708055,0.096638998,0.015536803,0.980000000
313,5.216667,2,false,false,1.575051041,-0.255543748,0.056001973,0.025788579,0.096617541,0.015586194,0.980000000
314,5.233333,2,false,false,1.579599475,-0.259772134,0.056330318,0.025869084,0.096596017,0.015635581,0.980000000
315,5.250000,2,false,true,1.584777894,-0.263282551,0.056801564,0.025949572,0.096574426,0.015684964,0.980000000
316,5.266667,2,false,false,1.590326689,-0.261514764,0.056949280,0.026030042,0.096552768,0.015734343,0.980000000
317,5.283333,2,false,false,1.594398914,-0.266143985,0.055674181,0.026110493,0.096531042,0.015783719,0.980000000
318,5.300000,2,false,false,1.598913951,-0.267657169,0.056395105,0.026190927,0.096509250,0.015833090,0.980000000
319,5.316667,2,false,false,1.604674122,-0.268089851,0.056022092,0.026271342,0.096487391,0.015882457,0.980000000
320,5.333333,2,false,false,1.608930675,-0.270074676,0.055200941,0.026351739,0.096465465,0.015931821,0.980000000
321,5.350000,2,false,false,1.613094641,-0.274289690,0.054441229,0.026432118,0.096443471,0.015981180,0.980000000
322,5.366667,2,false,false,1.618892423,-0.272616122,0.055756318,0.026512478,0.096421411,0.016030535,0.980000000
323,5.383333,2,false,false,1.624474985,-0.276595409,0.054827839,0.026592820,0.096399284,0.016079887,0.980000000
324,5.400000,2,false,false,1.630195958,-0.277115140,0.055197370,0.026673144,0.096377090,0.016129234,0.980000000
325,5.416667,2,false,false,1.635341425,-0.276750251,0.055498808,0.026753449,0.096354829,0.016178577,0.980000000
326,5.433333,2,false,false,1.639534264,-0.279365483,0.054573460,0.026833735,0.096332501,0.016227917,0.980000000
327,5.450000,2,false,false,1.644271183,-0.279624829,0.054264943,0.026914003,0.096310106,0.016277252,0.980000000
328,5.466667,2,false,false,1.649170781,-0.281626518,0.053798587,0.026994252,0.096287644,0.016326583,0.980000000
329,5.483333,2,false,false,1.655016851,-0.284898084,0.054345582,0.027074482,0.096265115,0.016375910,0.980000000
330,5.500000,2,false,false,1.659803002,-0.284942622,0.053625184,0.027154694,0.096242520,0.016425233,0.980000000
331,5.516667,2,false,false,1.665590436,-0.286646273,0.053987022,0.027234886,0.096219857,0.016474552,0.980000000
332,5.533333,2,false,false,1.670363168,-0.286192659,0.053450582,0.027315060,0.096197128,0.016523867,0.980000000
333,5.550000,2,false,false,1.674800591,-0.289990870,0.053468368,0.027395215,0.096174332,0.016573177,0.980000000
334,5.566667,2,false,false,1.680482362,-0.288189482,0.052931850,0.027475351,0.096151470,0.016622484,0.980000000
335,5.583333,2,false,false,1.686296417,-0.290092720,0.052276058,0.027555467,0.096128540,0.016671786,0.980000000
336,5.600000,2,false,false,1.691288144,-0.291624620,0.053673337,0.027635565,0.096105544,0.016721084,0.980000000
337,5.616667,2,false,false,1.696442575,-0.292769352,0.052470410,0.027715643,0.096082481,0.016770378,0.980000000
338,5.633333,2,false,false,1.701484568,-0.293571501,0.051947037,0.027795702,0.096059351,0.016819668,0.980000000
339,5.650000,2,false,false,1.707210701,-0.295852966,0.051640338,0.027875742,0.096036155,0.016868954,0.980000000
340,5.666667,2,false,false,1.712425352,-0.293558037,0.052118328,0.027955763,0.096012892,0.016918235,0.980000000
341,5.683333,2,false,false,1.717201635,-0.296805828,0.051374401,0.028035764,0.095989562,0.016967512,0.980000000
342,5.700000,2,false,false,1.722037055,-0.294763386,0.052633308,0.028115745,0.095966165,0.017016785,0.980000000
343,5.716667,2,false,false,1.726112750,-0.297572061,0.052219494,0.028195707,0.095942702,0.017066054,0.980000000
344,5.733333,2,false,false,1.730520067,-0.296130840,0.052136670,0.028275650,0.095919172,0.017115318,0.980000000
345,5.750000,2,false,false,1.734810529,-0.298042741,0.051133748,0.028355572,0.095895576,0.017164578,0.980000000
346,5.766667,2,false,false,1.739141490,-0.299397058,0.051221164,0.028435476,0.095871913,0.017213834,0.980000000
347,5.783333,2,false,false,1.743293048,-0.298298834,0.052029968,0.028515359,0.095848184,0.017263085,0.980000000
348,5.800000,2,false,false,1.749161973,-0.299593169,0.051246365,0.028595223,0.095824388,0.017312332,0.980000000
349,5.816667,2,false,false,1.755043731,-0.298370978,0.051911061,0.028675066,0.095800525,0.017361575,0.980000000
350,5.833333,2,false,true,1.759574192,-0.300694624,0.051806222,0.028754890,0.095776596,0.017410814,0.980000000
351,5.850000,2,false,false,1.764871251,-0.299065763,0.051408718,0.028834694,0.095752600,0.017460048,0.980000000
352,5.866667,2,false,false,1.769842271,-0.301133883,0.051464918,0.028914478,0.095728538,0.017509278,0.980000000
353,5.883333,2,false,false,1.774967056,-0.299834828,0.051657065,0.028994241,0.095704409,0.017558503,0.980000000
354,5.900000,2,false,false,1.779234329,-0.300958950,0.051782784,0.029073985,0.095680214,0.017607724,0.980000000
355,5.916667,2,false,false,1.783965239,-0.298027427,0.051701298,0.029153708,0.095655953,0.017656941,0.980000000
356,5.933333,2,false,false,1.788860538,-0.299128931,0.051220518,0.029233412,0.095631625,0.017706153,0.980000000
357,5.950000,2,false,false,1.794833302,-0.298555227,0.049696812,0.029313094,0.095607230,0.017755361,0.980000000
358,5.966667,2,false,false,1.800242960,-0.300334668,0.051400039,0.029392757,0.095582770,0.017804564,0.980000000
359,5.983333,2,false,false,1.805991133,-0.300242644,0.049976752,0.029472399,0.095558242,0.017853763,0.980000000
360,6.000000,2,false,false,1.810280928,-0.297367530,0.049825518,0.029552021,0.095533649,0.017902957,0.980000000
361,6.016667,2,false,false,1.814550778,-0.298484042,0.050968766,0.029631622,0.095508989,0.017952147,0.980000000
362,6.033333,2,false,false,1.818553756,-0.296776941,0.051279732,0.029711202,0.095484263,0.018001333,0.980000000
363,6.050000,2,false,false,1.823115372,-0.295982112,0.049436488,0.029790762,0.095459470,0.018050514,0.980000000
364,6.066667,2,false,false,1.827554697,-0.297207804,0.049872277,0.029870301,0.095434612,0.018099690,0.980000000
365,6.083333,2,false,false,1.833539414,-0.295880601,0.050885513,0.029949820,0.095409687,0.018148862,0.980000000
366,6.100000,2,false,false,1.838911969,-0.295269208,0.050229547,0.030029318,0.095384695,0.018198029,0.980000000
367,6.116667,2,false,false,1.844547195,-0.295660961,0.049421646,0.030108794,0.095359638,0.018247192,0.980000000
368,6.133333,2,false,false,1.848818156,-0.295692812,0.049764001,0.030188250,0.095334514,0.018296351,0.980000000
369,6.150000,2,false,false,1.853673261,-0.291827951,0.050659963,0.030267685,0.095309324,0.018345504,0.980000000
370,6.166667,2,false,false,1.859410488,-0.294678885,0.050962959,0.030347099,0.095284068,0.018394653,0.980000000
371,6.183333,2,false,false,1.865390215,-0.293801080,0.050720327,0.030426492,0.095258745,0.018443798,0.980000000
372,6.200000,2,false,false,1.870097653,-0.292198315,0.050335420,0.030505864,0.095233357,0.018492938,0.980000000
373,6.216667,2,false,false,1.875936199,-0.289977867,0.050645598,0.030585214,0.095207902,0.018542073,0.980000000
374,6.233333,2,false,false,1.880258776,-0.288196144,0.050448956,0.030664543,0.095182382,0.018591204,0.980000000
375,6.250000,2,false,false,1.885083164,-0.286662746,0.049472554,0.030743851,0.095156795,0.018640330,0.980000000
376,6.266667,2,false,false,1.889747205,-0.286274318,0.049507668,0.030823138,0.095131142,0.018689451,0.980000000
377,6.283333,2,false,false,1.895240194,-0.284353269,0.049706654,0.030902403,0.095105423,0.018738568,0.980000000
378,6.300000,2,false,false,1.899826951,-0.282724746,0.050014422,0.030981647,0.095079638,0.018787680,0.980000000
379,6.316667,2,false,false,1.904276636,-0.282688338,0.049769807,0.031060869,0.095053787,0.018836787,0.980000000
380,6.333333,2,false,false,1.908750779,-0.281467318,0.050477411,0.031140070,0.095027870,0.018885889,0.980000000
381,6.350000,2,false,false,1.913400040,-0.278384715,0.050281055,0.031219249,0.095001887,0.018934987,0.980000000
382,6.366667,2,false,false,1.919184794,-0.279762269,0.050198258,0.031298407,0.094975838,0.018984080,0.980000000
383,6.383333,2,false,false,1.925028806,-0.275765561,0.049812040,0.031377542,0.094949723,0.019033169,0.980000000
384,6.400000,2,false,false,1.929734773,-0.275759251,0.049629749,0.031456656,0.094923542,0.019082252,0.980000000
385,6.416667,2,false,true,1.934881231,-0.274890287,0.049970403,0.031535748,0.094897295,0.019131331,0.980000000
386,6.433333,2,false,false,1.939112799,-0.270543576,0.050124355,0.031614818,0.094870982,0.019180405,0.980000000
387,6.450000,2,false,false,1.943696531,-0.272331643,0.049782684,0.031693866,0.094844604,0.019229475,0.980000000
388,6.466667,2,false,false,1.948263194,-0.269457361,0.050973582,0.031772893,0.094818159,0.019278539,0.980000000
389,6.483333,2,false,false,1.952272803,-0.266722085,0.050361778,0.031851897,0.094791649,0.019327599,0.980000000
390,6.500000,2,false,false,1.957414042,-0.266877603,0.050901711,0.031930879,0.094765073,0.019376653,0.980000000
391,6.516667,2,false,false,1.961821137,-0.264781462,0.050940124,0.032009838,0.094738431,0.019425703,0.980000000
392,6.533333,2,false,false,1.967597358,-0.262049879,0.051382265,0.032088776,0.094711723,0.019474749,0.980000000
393,6.550000,2,false,false,1.972895361,-0.259950342,0.050419636,0.032167691,0.094684949,0.019523789,0.980000000
394,6.566667,2,false,false,1.978174921,-0.255834511,0.050015162,0.032246584,0.094658110,0.019572824,0.980000000
395,6.583333,2,false,false,1.983537626,-0.255303085,0.049835790,0.032325455,0.094631205,0.019621855,0.980000000
396,6.600000,2,false,false,1.987635743,-0.251196013,0.050521139,0.032404303,0.094604234,0.019670880,0.980000000
397,6.616667,2,false,false,1.991841909,-0.249107846,0.051641692,0.032483128,0.094577198,0.019719901,0.980000000
398,6.633333,2,false,false,1.997400560,-0.249759582,0.051043975,0.032561931,0.094550096,0.019768917,0.980000000
399,6.650000,2,false,false,2.002153482,-0.246699441,0.050375417,0.032640712,0.094522928,0.019817927,0.980000000
400,6.666667,2,false,false,2.006438657,-0.243572559,0.050225409,0.032719470,0.094495695,0.019866933,0.980000000
401,6.683333,2,false,false,2.010481962,-0.240784561,0.050867618,0.032798205,0.094468396,0.019915934,0.980000000
402,6.700000,2,false,false,2.016108805,-0.239568013,0.052069788,0.032876917,0.094441031,0.019964930,0.980000000
403,6.716667,2,false,false,2.020842407,-0.236141530,0.050639924,0.032955606,0.094413601,0.020013921,0.980000000
404,6.733333,2,false,false,2.026778066,-0.235189624,0.051991487,0.033034273,0.094386105,0.020062907,0.980000000
405,6.750000,2,false,false,2.031655242,-0.230785065,0.051089294,0.033112917,0.094358544,0.020111887,0.980000000
406,6.766667,2,false,false,2.036181575,-0.230739967,0.051846867,0.033191537,0.094330917,0.020160863,0.980000000
407,6.783333,2,false,false,2.041584505,-0.225973263,0.052428132,0.033270135,0.094303224,0.020209834,0.980000000
408,6.800000,2,false,false,2.047523047,-0.224807408,0.052347787,0.033348709,0.094275467,0.020258800,0.980000000
409,6.816667,2,false,false,2.053019879,-0.219627384,0.050978672,0.033427261,0.094247643,0.020307760,0.980000000
410,6.833333,2,false,false,2.057859483,-0.217601978,0.052314169,0.033505789,0.094219754,0.020356716,0.980000000
411,6.850000,2,false,false,2.062684423,-0.217717024,0.052533764,0.033584293,0.094191800,0.020405666,0.980000000
412,6.866667,2,false,false,2.066939622,-0.214651264,0.052749970,0.033662775,0.094163781,0.020454612,0.980000000
413,6.883333,2,false,false,2.071483509,-0.210764586,0.052876765,0.033741233,0.094135696,0.020503552,0.980000000
414,6.900000,2,false,false,2.076132758,-0.208987546,0.053107791,0.033819668,0.094107545,0.020552487,0.980000000
415,6.916667,2,false,false,2.080290075,-0.203641374,0.053260278,0.033898079,0.094079330,0.020601417,0.980000000
416,6.933333,2,false,false,2.085525575,-0.200257883,0.052308596,0.033976467,0.094051048,0.020650342,0.980000000
417,6.950000,2,false,false,2.090047924,-0.197296580,0.052421904,0.034054831,0.094022702,0.020699262,0.980000000
418,6.966667,2,false,false,2.095218950,-0.195445127,0.053579348,0.034133171,0.093994290,0.020748176,0.980000000
419,6.983333,2,false,false,2.100194308,-0.190583454,0.053113712,0.034211488,0.093965813,0.020797086,0.980000000
420,7.000000,2,false,true,2.105450563,-0.188280022,0.053796535,0.034289781,0.093937271,0.020845990,0.980000000
421,7.016667,2,false,false,2.109817836,-0.187218248,0.054075234,0.034368050,0.093908664,0.020894889,0.980000000
422,7.033333,2,false,false,2.115640351,-0.184864071,0.053036749,0.034446295,0.093879991,0.020943783,0.980000000
423,7.050000,2,false,false,2.120741885,-0.179003877,0.052798488,0.034524517,0.093851253,0.020992671,0.980000000
424,7.066667,2,false,false,2.124753261,-0.176198205,0.054090579,0.034602714,0.093822450,0.021041554,0.980000000
425,7.083333,2,false,false,2.128823598,-0.172242259,0.053691646,0.034680887,0.093793582,0.021090432,0.980000000
426,7.100000,2,false,false,2.133631526,-0.169106481,0.054198317,0.034759037,0.093764649,0.021139305,0.980000000
427,7.116667,2,false,false,2.138396216,-0.165451826,0.054216565,0.034837162,0.093735650,0.021188172,0.980000000
428,7.133333,2,false,false,2.142431247,-0.163322116,0.054466316,0.034915263,0.093706587,0.021237035,0.980000000
429,7.150000,2,false,false,2.146675572,-0.159220944,0.055292797,0.034993339,0.093677458,0.021285891,0.980000000
430,7.166667,2,false,false,2.151432968,-0.155510895,0.054136013,0.035071392,0.093648265,0.021334743,0.980000000
431,7.183333,2,false,false,2.156324660,-0.155001603,0.055584548,0.035149420,0.093619006,0.021383589,0.980000000
432,7.200000,2,false,false,2.161179459,-0.148124040,0.054590842,0.035227423,0.093589682,0.021432430,0.980000000
433,7.216667,2,false,false,2.167142122,-0.145981253,0.055740001,0.035305402,0.093560294,0.021481265,0.980000000
434,7.233333,2,false,false,2.171625258,-0.142430624,0.055217527,0.035383357,0.093530840,0.021530095,0.980000000
435,7.250000,2,false,false,2.176784606,-0.139078006,0.055442257,0.035461287,0.093501321,0.021578920,0.980000000
436,7.266667,2,false,false,2.181602271,-0.136230775,0.055908153,0.035539193,0.093471738,0.021627739,0.980000000
437,7.283333,2,false,false,2.186530053,-0.133282035,0.057062593,0.035617073,0.093442089,0.021676553,0.980000000
438,7.300000,2,false,false,2.192110166,-0.127493052,0.055567696,0.035694929,0.093412376,0.021725362,0.980000000
439,7.316667,2,false,false,2.196950631,-0.123473613,0.057428702,0.035772761,0.093382598,0.021774165,0.980000000
440,7.333333,2,false,false,2.202213882,-0.120974890,0.057437885,0.035850567,0.093352755,0.021822962,0.980000000
441,7.350000,2,false,false,2.208119921,-0.119155500,0.056969964,0.035928349,0.093322847,0.021871754,0.980000000
442,7.366667,2,false,false,2.213177693,-0.112725205,0.056228604,0.036006105,0.093292874,0.021920541,0.980000000
443,7.383333,2,false,false,2.218849066,-0.110869069,0.057036328,0.036083837,0.093262837,0.021969322,0.980000000
444,7.400000,2,false,false,2.223773664,-0.105394524,0.056977164,0.036161543,0.093232735,0.022018098,0.980000000
445,7.416667,2,false,false,2.228001194,-0.104210047,0.057948178,0.036239225,0.093202568,0.022066868,0.980000000
446,7.433333,2,false,false,2.233096356,-0.098716944,0.058896702,0.036316881,0.093172336,0.022115633,0.980000000
447,7.450000,2,false,false,2.237842180,-0.095100064,0.058946908,0.036394512,0.093142039,0.022164392,0.980000000
448,7.466667,2,false,false,2.242243871,-0.091127497,0.059412746,0.036472118,0.093111678,0.022213146,0.980000000
449,7.483333,2,false,false,2.248129827,-0.087012034,0.058088043,0.036549698,0.093081253,0.022261894,0.980000000
450,7.500000,2,false,false,2.253105205,-0.085296954,0.059463186,0.036627253,0.093050762,0.022310636,0.980000000
451,7.516667,2,false,false,2.257195943,-0.081624149,0.058594336,0.036704782,0.093020207,0.022359373,0.980000000
452,7.533333,2,false,false,2.261666696,-0.076734522,0.060028631,0.036782287,0.092989588,0.022408104,0.980000000
453,7.550000,2,false,false,2.267236323,-0.070376434,0.060104046,0.036859765,0.092958903,0.022456830,0.980000000
454,7.566667,2,true,false,2.271940964,-0.069803326,0.059398057,0.036937218,0.092928155,0.022505550,0.980000000
455,7.583333,2,false,true,2.276998271,-0.065035671,0.059296863,0.037014645,0.092897341,0.022554265,0.980000000
456,7.600000,2,false,false,2.282938824,-0.059573810,0.060854920,0.037092047,0.092866464,0.022602974,0.980000000
457,7.616667,2,false,false,2.287106866,-0.057000720,0.061565957,0.037169423,0.092835521,0.022651677,0.980000000
458,7.633333,2,false,false,2.292553158,-0.054286066,0.060251235,0.037246773,0.092804515,0.022700374,0.980000000
459,7.650000,2,false,false,2.297591247,-0.047405246,0.062222479,0.037324097,0.092773443,0.022749066,0.980000000
460,7.666667,2,false,false,2.301598025,-0.044745333,0.061983354,0.037401395,0.092742308,0.022797752,0.980000000
461,7.683333,2,false,false,2.307140461,-0.040541517,0.061756540,0.037478667,0.092711108,0.022846433,0.980000000
462,7.700000,2,false,false,2.311881278,-0.035843367,0.062280501,0.037555914,0.092679843,0.022895108,0.980000000
463,7.716667,2,false,false,2.317569352,-0.034833437,0.061654872,0.037633134,0.092648514,0.022943777,0.980000000
464,7.733333,2,false,false,2.323009953,-0.027896242,0.061911368,0.037710328,0.092617121,0.022992440,0.980000000
465,7.750000,2,false,false,2.327883503,-0.026087346,0.063327548,0.037787496,0.092585664,0.023041097,0.980000000
466,7.766667,2,false,false,2.332294196,-0.020148072,0.062266073,0.037864637,0.092554142,0.023089749,0.980000000
467,7.783333,2,false,false,2.337146983,-0.015055291,0.062693138,0.037941753,0.092522556,0.023138395,0.980000000
468,7.800000,2,false,false,2.341755360,-0.014829724,0.064228735,0.038018842,0.092490906,0.023187035,0.980000000
469,7.816667,2,false,false,2.347679132,-0.010639779,0.064029249,0.038095904,0.092459192,0.023235670,0.980000000
470,7.833333,2,false,false,2.353378272,-0.005964238,0.064336562,0.038172940,0.092427413,0.023284299,0.980000000
471,7.850000,2,false,false,2.358462057,-0.002290698,0.065172154,0.038249950,0.092395570,0.023332921,0.980000000
472,7.866667,2,false,false,2.363742467,0.003108735,0.064112149,0.038326933,0.092363663,0.023381538,0.980000000
473,7.883333,2,false,false,2.369332988,0.008632101,0.064910722,0.038403889,0.092331692,0.023430149,0.980000000
474,7.900000,2,false,false,2.374929478,0.011027397,0.065666479,0.038480819,0.092299656,0.023478755,0.980000000
475,7.916667,2,false,false,2.380621835,0.015453966,0.065525039,0.038557722,0.092267557,0.023527354,0.980000000
476,7.933333,2,false,false,2.385050221,0.020514730,0.065690859,0.038634598,0.092235394,0.023575948,0.980000000
477,7.950000,2,false,false,2.389631147,0.021023218,0.066873527,0.038711448,0.092203166,0.023624535,0.980000000
478,7.966667,2,false,false,2.394602125,0.026679148,0.065760943,0.038788270,0.092170875,0.023673117,0.980000000
479,7.983333,2,false,false,2.400084756,0.029450724,0.067758437,0.038865066,0.092138519,0.023721693,0.980000000
480,8.000000,2,false,false,2.404586690,0.036231429,0.066866178,0.038941834,0.092106099,0.023770263,0.980000000
481,8.016667,2,false,false,2.408803074,0.040261612,0.067628333,0.039018576,0.092073616,0.023818827,0.980000000
482,8.033333,2,false,false,2.412964589,0.040986214,0.068156988,0.039095290,0.092041068,0.023867385,0.980000000
483,8.050000,2,false,false,2.417997045,0.045672274,0.068186400,0.039171978,0.092008457,0.023915937,0.980000000
484,8.066667,2,false,false,2.423091678,0.050042799,0.068287693,0.039248638,0.091975782,0.023964483,0.980000000
485,8.083333,2,false,false,2.427916704,0.055739597,0.069332322,0.039325270,0.091943043,0.024013023,0.980000000
486,8.100000,2,false,false,2.432484045,0.059612665,0.068794758,0.039401876,0.091910240,0.024061557,0.980000000
487,8.116667,2,false,false,2.437472659,0.063145209,0.070462820,0.039478454,0.091877373,0.024110085,0.980000000
488,8.133333,2,false,false,2.442388598,0.064908036,0.069385650,0.039555005,0.091844442,0.024158607,0.980000000
489,8.150000,2,false,false,2.447546737,0.069348825,0.070999684,0.039631528,0.091811448,0.024207123,0.980000000
490,8.166667,2,false,true,2.452988574,0.075131227,0.071143520,0.039708024,0.091778390,0.024255632,0.980000000
491,8.183333,2,false,false,2.458086405,0.076846614,0.071757779,0.039784492,0.091745268,0.024304136,0.980000000
492,8.200000,2,false,false,2.462238599,0.083006401,0.071496915,0.039860933,0.091712082,0.024352634,0.980000000
493,8.216667,2,false,false,2.468191837,0.084801725,0.070951738,0.039937346,0.091678833,0.024401126,0.980000000
494,8.233333,2,false,false,2.473280000,0.090034639,0.071920752,0.040013731,0.091645520,0.024449611,0.980000000
495,8.250000,2,false,false,2.478687332,0.093922578,0.071365804,0.040090088,0.091612143,0.024498091,0.980000000
496,8.266667,2,false,false,2.484108834,0.097673263,0.073553138,0.040166418,0.091578703,0.024546564,0.980000000
497,8.283333,2,false,false,2.488624005,0.100700788,0.072125469,0.040242719,0.091545199,0.024595031,0.980000000
498,8.300000,2,false,false,2.494524336,0.104445883,0.073807878,0.040318993,0.091511632,0.024643492,0.980000000
499,8.316667,2,false,false,2.499942506,0.106916436,0.073710568,0.040395239,0.091478001,0.024691947,0.980000000
500,8.333333,2,false,false,2.504087083,0.111892114,0.074467309,0.040471456,0.091444307,0.024740396,0.980000000
501,8.350000,2,false,false,2.509390934,0.114636994,0.074195874,0.040547646,0.091410549,0.024788838,0.980000000
502,8.366667,2,false,false,2.514880172,0.119021071,0.073774412,0.040623807,0.091376727,0.024837275,0.980000000
503,8.383333,2,false,false,2.520741897,0.123029589,0.074666365,0.040699940,0.091342842,0.024885705,0.980000000
504,8.400000,2,false,false,2.526680139,0.125792979,0.074758512,0.040776045,0.091308894,0.024934129,0.980000000
505,8.416667,2,false,false,2.532418342,0.129759522,0.076789369,0.040852122,0.091274882,0.024982546,0.980000000
506,8.433333,2,false,false,2.537567465,0.136047272,0.075710624,0.040928170,0.091240807,0.025030958,0.980000000
507,8.450000,2,false,false,2.542461756,0.137529320,0.077233703,0.041004190,0.091206669,0.025079363,0.980000000
508,8.466667,2,false,false,2.547485102,0.141760424,0.076534862,0.041080181,0.091172467,0.025127762,0.980000000
509,8.483333,2,false,false,2.552485738,0.145565600,0.078297104,0.041156144,0.091138202,0.025176155,0.980000000
510,8.500000,2,false,false,2.557465837,0.149440095,0.077033485,0.041232078,0.091103873,0.025224541,0.980000000
511,8.516667,2,false,false,2.561863459,0.150191329,0.078813253,0.041307984,0.091069482,0.025272921,0.980000000
512,8.533333,2,false,false,2.566384820,0.156570319,0.079443111,0.041383861,0.091035027,0.025321295,0.980000000
513,8.550000,2,false,false,2.570822029,0.159713733,0.078467113,0.041459709,0.091000509,0.025369662,0.980000000
514,8.566667,2,false,false,2.576345661,0.162867330,0.080081852,0.041535528,0.090965927,0.025418023,0.980000000
515,8.583333,2,false,false,2.581820869,0.164088355,0.080554268,0.041611319,0.090931283,0.025466378,0.980000000
516,8.600000,2,false,false,2.586373175,0.166749995,0.080306812,0.041687080,0.090896575,0.025514726,0.980000000
517,8.616667,2,false,false,2.590506345,0.171674894,0.079798989,0.041762813,0.090861804,0.025563068,0.980000000
518,8.633333,2,false,false,2.595681797,0.175621593,0.080906226,0.041838517,0.090826970,0.025611403,0.980000000
519,8.650000,2,false,false,2.600184807,0.180087671,0.080113021,0.041914191,0.090792073,0.025659732,0.980000000
520,8.666667,2,false,false,2.605460526,0.179629184,0.081912041,0.041989837,0.090757113,0.025708055,0.980000000
521,8.683333,2,false,false,2.609535165,0.184800715,0.082433967,0.042065453,0.090722090,0.025756371,0.980000000
522,8.700000,2,false,false,2.614242849,0.187497837,0.082193795,0.042141040,0.090687004,0.025804681,0.980000000
523,8.716667,2,false,false,2.619612129,0.192796071,0.082345978,0.042216598,0.090651855,0.025852985,0.980000000
524,8.733333,2,false,false,2.624310169,0.193196427,0.082267019,0.042292127,0.090616643,0.025901282,0.980000000
525,8.750000,2,false,true,2.628327551,0.196528448,0.083465847,0.042367626,0.090581368,0.025949572,0.980000000
526,8.766667,2,false,false,2.633801895,0.201614001,0.083406384,0.042443095,0.090546031,0.025997856,0.980000000
527,8.783333,2,false,false,2.639334681,0.201222102,0.083524166,0.042518536,0.090510630,0.026046134,0.980000000
528,8.800000,2,false,false,2.644583357,0.206031930,0.083790633,0.042593947,0.090475166,0.026094404,0.980000000
529,8.816667,2,false,false,2.649102099,0.206975025,0.085618683,0.042669328,0.090439640,0.026142669,0.980000000
530,8.833333,2,false,false,2.653564359,0.211319365,0.085287037,0.042744679,0.090404051,0.026190927,0.980000000
531,8.850000,2,false,false,2.659332932,0.212578819,0.086109150,0.042820001,0.090368399,0.026239178,0.980000000
532,8.866667,2,false,false,2.664025225,0.215716922,0.085934199,0.042895293,0.090332684,0.026287423,0.980000000
533,8.883333,2,false,false,2.669598401,0.221403019,0.087295503,0.042970556,0.090296907,0.026335661,0.980000000
534,8.900000,2,false,false,2.674389080,0.223372924,0.087510465,0.043045788,0.090261067,0.026383893,0.980000000
535,8.916667,2,false,false,2.679675458,0.227085589,0.088106953,0.043120991,0.090225164,0.026432118,0.980000000
536,8.933333,2,false,false,2.685608288,0.226830148,0.087110881,0.043196163,0.090189198,0.026480336,0.980000000
537,8.950000,2,false,false,2.691535209,0.229072059,0.087419224,0.043271306,0.090153170,0.026528548,0.980000000
538,8.966667,2,false,false,2.696480074,0.234794987,0.089276287,0.043346419,0.090117079,0.026576753,0.980000000
539,8.983333,2,false,false,2.701623416,0.236578803,0.088576238,0.043421501,0.090080926,0.026624952,0.980000000
540,9.000000,2,false,false,2.706713532,0.237066840,0.090160625,0.043496553,0.090044710,0.026673144,0.980000000
541,9.016667,2,false,false,2.710728536,0.240096751,0.090778612,0.043571576,0.090008432,0.026721329,0.980000000
542,9.033333,2,false,false,2.715716678,0.244142072,0.091116072,0.043646567,0.089972091,0.026769507,0.980000000
543,9.050000,2,false,false,2.721617291,0.245414206,0.090262831,0.043721529,0.089935688,0.026817679,0.980000000
544,9.066667,2,false,false,2.726136594,0.245862308,0.091286750,0.043796460,0.089899222,0.026865844,0.980000000
545,9.083333,2,false,false,2.731308137,0.248837515,0.092238333,0.043871361,0.089862693,0.026914003,0.980000000
546,9.100000,2,false,false,2.736579829,0.252342385,0.090960128,0.043946231,0.089826103,0.026962154,0.980000000
547,9.116667,2,false,false,2.741411869,0.252824264,0.091720753,0.044021071,0.089789450,0.027010299,0.980000000
548,9.133333,2,false,false,2.745662648,0.257795258,0.092633060,0.044095880,0.089752734,0.027058438,0.980000000
549,9.150000,2,false,false,2.751344589,0.259571897,0.092982560,0.044170659,0.089715957,0.027106569,0.980000000
550,9.166667,2,false,false,2.756025796,0.258785928,0.094220359,0.044245407,0.089679117,0.027154694,0.980000000
551,9.183333,2,false,false,2.760118474,0.263546991,0.094713846,0.044320124,0.089642214,0.027202812,0.980000000
552,9.200000,2,false,false,2.765715309,0.265626820,0.094688454,0.044394811,0.089605250,0.027250923,0.980000000
553,9.216667,2,false,false,2.770475149,0.267862627,0.095788681,0.044469466,0.089568223,0.027299027,0.980000000
554,9.233333,2,false,false,2.776275305,0.269525494,0.094519224,0.044544091,0.089531134,0.027347124,0.980000000
555,9.250000,2,false,false,2.781884254,0.267781446,0.094671630,0.044618685,0.089493983,0.027395215,0.980000000
556,9.266667,2,false,false,2.787628004,0.272061872,0.095975303,0.044693248,0.089456770,0.027443299,0.980000000
557,9.283333,2,false,false,2.792630284,0.272145406,0.096387458,0.044767779,0.089419494,0.027491376,0.980000000
558,9.300000,2,false,false,2.797421302,0.272825626,0.096911167,0.044842280,0.089382157,0.027539446,0.980000000
559,9.316667,2,false,false,2.802599946,0.277059306,0.096565170,0.044916750,0.089344757,0.027587509,0.980000000
560,9.333333,2,false,true,2.807292634,0.278987389,0.098528972,0.044991188,0.089307295,0.027635565,0.980000000
561,9.350000,2,false,false,2.812377459,0.279902096,0.098160981,0.045065595,0.089269772,0.027683614,0.980000000
562,9.366667,2,false,false,2.817458546,0.279577851,0.099351603,0.045139971,0.089232186,0.027731657,0.980000000
563,9.383333,2,false,false,2.822756420,0.281829381,0.099941736,0.045214315,0.089194538,0.027779692,0.980000000
564,9.400000,2,false,false,2.827048578,0.282945052,0.099572560,0.045288629,0.089156829,0.027827721,0.980000000
565,9.416667,2,false,false,2.831098011,0.284923442,0.099972784,0.045362910,0.089119057,0.027875742,0.980000000
566,9.433333,2,false,false,2.835911827,0.287390940,0.100264660,0.045437160,0.089081224,0.027923757,0.980000000
567,9.450000,2,false,false,2.841162953,0.288735133,0.100192587,0.045511379,0.089043329,0.027971764,0.980000000
568,9.466667,2,false,false,2.845474314,0.288994490,0.101716060,0.045585566,0.089005372,0.028019765,0.980000000
569,9.483333,2,false,false,2.850720999,0.289774700,0.101221783,0.045659721,0.088967353,0.028067759,0.980000000
570,9.500000,2,false,false,2.855957783,0.288948340,0.101295082,0.045733845,0.088929272,0.028115745,0.980000000
571,9.516667,2,false,false,2.860408488,0.289530701,0.102688889,0.045807937,0.088891130,0.028163725,0.980000000
572,9.533333,2,false,false,2.864418112,0.292975566,0.103439527,0.045881997,0.088852926,0.028211697,0.980000000
573,9.550000,2,false,false,2.868810471,0.294534966,0.102548450,0.045956025,0.088814660,0.028259663,0.980000000
574,9.566667,2,true,false,2.872925634,0.292864554,0.103469607,0.046030021,0.088776332,0.028307621,0.980000000
575,9.583333,2,false,false,2.878679486,0.293373506,0.104426627,0.046103985,0.088737943,0.028355572,0.980000000
576,9.600000,2,false,false,2.883206201,0.293904666,0.103731068,0.046177918,0.088699492,0.028403517,0.980000000
577,9.616667,2,false,false,2.888982652,0.297879577,0.103871181,0.046251818,0.088660980,0.028451454,0.980000000
578,9.633333,2,false,false,2.894172687,0.298138306,0.105933073,0.046325686,0.088622406,0.028499384,0.980000000
579,9.650000,2,false,false,2.898899616,0.299029860,0.104857392,0.046399522,0.088583770,0.028547307,0.980000000
580,9.666667,2,false,false,2.904649990,0.297068873,0.105061906,0.046473325,0.088545073,0.028595223,0.980000000
581,9.683333,2,false,false,2.909296259,0.297347156,0.105994967,0.046547097,0.088506315,0.028643131,0.980000000
582,9.700000,2,false,false,2.913786978,0.298866876,0.106535161,0.046620836,0.088467495,0.028691033,0.980000000
583,9.716667,2,false,false,2.918401217,0.297036638,0.107858785,0.046694543,0.088428614,0.028738927,0.980000000
584,9.733333,2,false,false,2.923624569,0.298424043,0.107925644,0.046768217,0.088389671,0.028786814,0.980000000
585,9.750000,2,false,false,2.928782678,0.298324788,0.109022965,0.046841859,0.088350666,0.028834694,0.980000000
586,9.766667,2,false,false,2.934313520,0.298968525,0.108096865,0.046915468,0.088311601,0.028882567,0.980000000
587,9.783333,2,false,false,2.938973012,0.300246904,0.108020717,0.046989045,0.088272474,0.028930432,0.980000000
588,9.800000,2,false,false,2.944917272,0.301685588,0.109747570,0.047062589,0.088233286,0.028978290,0.980000000
589,9.816667,2,false,false,2.949781484,0.300148712,0.109271712,0.047136100,0.088194036,0.029026141,0.980000000
590,9.833333,2,false,false,2.954977303,0.299915348,0.109508181,0.047209579,0.088154726,0.029073985,0.980000000
591,9.850000,2,false,false,2.960616614,0.299559467,0.110375040,0.047283025,0.088115354,0.029121821,0.980000000
592,9.866667,2,false,false,2.966122748,0.298789782,0.110882709,0.047356438,0.088075921,0.029169651,0.980000000
593,9.883333,2,false,false,2.971552234,0.300493973,0.111643643,0.047429818,0.088036426,0.029217473,0.980000000
594,9.900000,2,false,false,2.975981343,0.297556224,0.112616778,0.047503165,0.087996871,0.029265287,0.980000000
595,9.916667,2,false,true,2.981270064,0.299084563,0.112555384,0.047576479,0.087957254,0.029313094,0.980000000
596,9.933333,2,false,false,2.985358745,0.298405936,0.112394701,0.047649761,0.087917577,0.029360894,0.980000000
597,9.950000,2,false,false,2.990753021,0.299383941,0.113587869,0.047723009,0.087877838,0.029408687,0.980000000
598,9.966667,2,false,false,2.995634223,0.296924098,0.112427010,0.047796224,0.087838039,0.029456472,0.980000000
599,9.983333,2,false,false,3.001463051,0.296096857,0.113801113,0.047869405,0.087798178,0.029504250,0.980000000
600,10.000000,2,false,false,3.006597525,0.295102640,0.114063146,0.047942554,0.087758256,0.029552021,0.980000000
601,10.016667,2,false,false,3.011790157,0.295464272,0.115521943,0.048015669,0.087718274,0.029599784,0.980000000
602,10.033333,2,false,false,3.016584481,0.293926809,0.115818609,0.048088751,0.087678230,0.029647540,0.980000000
603,10.050000,2,false,false,3.020605486,0.293301929,0.115197329,0.048161799,0.087638126,0.029695288,0.980000000
604,10.066667,2,false,false,3.025914913,0.293976146,0.115173547,0.048234814,0.087597960,0.029743029,0.980000000
605,10.083333,2,false,false,3.030058184,0.294006498,0.115832834,0.048307796,0.087557734,0.029790762,0.980000000
606,10.100000,2,false,false,3.034664412,0.294064415,0.116086211,0.048380744,0.087517447,0.029838488,0.980000000
607,10.116667,2,false,false,3.040049010,0.290963797,0.116410848,0.048453658,0.087477100,0.029886207,0.980000000
608,10.133333,2,false,false,3.044727516,0.290928422,0.118024199,0.048526539,0.087436691,0.029933918,0.980000000
609,10.150000,2,false,false,3.049937899,0.287674380,0.117876536,0.048599386,0.087396222,0.029981621,0.980000000
610,10.166667,2,false,false,3.054495194,0.289916604,0.117597510,0.048672200,0.087355692,0.030029318,0.980000000
611,10.183333,2,false,false,3.059886973,0.286018071,0.118724141,0.048744979,0.087315102,0.030077006,0.980000000
612,10.200000,2,false,false,3.065065515,0.287273419,0.119731791,0.048817725,0.087274451,0.030124687,0.980000000
613,10.216667,2,false,false,3.070903168,0.286818421,0.119921487,0.048890436,0.087233739,0.030172361,0.980000000
614,10.233333,2,false,false,3.075339505,0.284401237,0.119277302,0.048963114,0.087192967,0.030220027,0.980000000
615,10.250000,2,false,false,3.080188927,0.281430755,0.119797244,0.049035758,0.087152134,0.030267685,0.980000000
616,10.266667,2,false,false,3.084398695,0.281974673,0.120804738,0.049108368,0.087111240,0.030315336,0.980000000
617,10.283333,2,false,false,3.089451150,0.279292655,0.121782786,0.049180943,0.087070287,0.030362979,0.980000000
618,10.300000,2,false,false,3.094008041,0.279076913,0.122182799,0.049253485,0.087029272,0.030410615,0.980000000
619,10.316667,2,false,false,3.099143550,0.275918690,0.120780896,0.049325992,0.086988197,0.030458243,0.980000000
620,10.333333,2,false,false,3.103431150,0.273867792,0.121056829,0.049398465,0.086947062,0.030505864,0.980000000
621,10.350000,2,false,false,3.109292698,0.271881334,0.122889036,0.049470904,0.086905867,0.030553477,0.980000000
622,10.366667,2,false,false,3.115022659,0.271039098,0.123616147,0.049543308,0.086864611,0.030601082,0.980000000
